x,z,r00,r02,v_l,v_r
1170,-5100,1,0,0,0
1170,-5100,1,0,0.0819668,0.0224998
1170,-5100,1,-0.00059467,0.163966,0.0449666
1170,-5099.96,0.999988,-0.00499587,0.245865,0.0673639
1170,-5099.89,0.999913,-0.0132065,0.327661,0.0896916
1170,-5099.79,0.999691,-0.0248661,0.409222,0.111914
1169.99,-5099.65,0.999196,-0.0400867,0.490816,0.134103
1169.98,-5099.48,0.998217,-0.0596838,0.572116,0.156171
1169.97,-5099.28,0.996546,-0.0830454,0.653448,0.178207
1169.95,-5099.05,0.994008,-0.109304,0.734288,0.200069
1169.91,-5098.78,0.990142,-0.140066,0.814962,0.221846
1169.87,-5098.49,0.984859,-0.173358,0.895667,0.24359
1169.81,-5098.16,0.977446,-0.211185,0.976203,0.265249
1169.72,-5097.81,0.967964,-0.251089,1.05682,0.286887
1169.61,-5097.43,0.955367,-0.295421,1.13746,0.308494
1169.48,-5097.03,0.939981,-0.341227,1.21825,0.330101
1169.31,-5096.6,0.920332,-0.391138,1.30022,0.351981
1169.11,-5096.15,0.897145,-0.441737,1.38222,0.373827
1168.86,-5095.68,0.868404,-0.495858,1.46512,0.395869
1168.57,-5095.22,0.835391,-0.549656,1.55056,0.418544
1168.23,-5094.73,0.795471,-0.605991,1.63603,0.441182
1167.83,-5094.23,0.749103,-0.662453,1.06069,1.13145
1167.38,-5093.76,0.707025,-0.707188,1.11353,1.19751
1166.88,-5093.26,0.710314,-0.703885,1.17306,1.25687
1166.38,-5092.75,0.713968,-0.700178,1.22266,1.33635
1165.83,-5092.19,0.717921,-0.696124,1.2843,1.4036
1165.26,-5091.6,0.723006,-0.690842,1.34884,1.46795
1164.66,-5090.97,0.728259,-0.685302,1.40722,1.53728
1164.06,-5090.33,0.733374,-0.679826,1.46835,1.60289
1163.42,-5089.63,0.739037,-0.673665,1.52551,1.67205
1162.78,-5088.92,0.744695,-0.667405,1.58875,1.73514
1162.1,-5088.15,0.75092,-0.660393,1.64939,1.79988
1161.4,-5087.35,0.757102,-0.653297,1.70661,1.86688
1160.68,-5086.5,0.763422,-0.6459,1.76877,1.92894
1159.96,-5085.65,0.769801,-0.638283,1.82926,1.99103
1159.21,-5084.73,0.776314,-0.630346,1.8848,2.05766
1158.44,-5083.78,0.782867,-0.622189,1.94592,2.11871
1157.68,-5082.81,0.78949,-0.613764,2.00656,2.17792
1156.88,-5081.78,0.79622,-0.605007,2.06105,2.24289
1156.08,-5080.7,0.80287,-0.596154,2.12079,2.3026
1155.26,-5079.59,0.809753,-0.586771,2.17972,2.36156
1154.46,-5078.47,0.816316,-0.577606,2.2345,2.42361
1153.62,-5077.28,0.823024,-0.568007,2.29292,2.48202
1152.81,-5076.08,0.829627,-0.558318,2.34989,2.54102
1151.96,-5074.8,0.836334,-0.54822,2.40528,2.59994
1151.11,-5073.49,0.842996,-0.537919,2.46242,2.65709
1150.28,-5072.17,0.849427,-0.527706,2.51843,2.71454
1149.42,-5070.77,0.855943,-0.51707,2.57184,2.7736
1148.56,-5069.33,0.862394,-0.506238,2.62807,2.82985
1147.7,-5067.84,0.868859,-0.49506,2.67041,2.90576
1146.87,-5066.37,0.875146,-0.483858,2.72554,2.96781
1146.01,-5064.79,0.882368,-0.470561,2.78411,3.02642
1145.17,-5063.18,0.889558,-0.456823,2.84411,3.08136
1144.35,-5061.56,0.896297,-0.443454,2.898,3.14137
1143.52,-5059.85,0.902953,-0.429738,2.95493,3.19835
1142.7,-5058.1,0.909537,-0.415622,3.01405,3.25101
1141.92,-5056.35,0.91568,-0.401908,3.06696,3.30889
1141.12,-5054.51,0.921689,-0.38793,3.12232,3.36431
1140.35,-5052.62,0.927585,-0.373612,3.17889,3.41711
1139.61,-5050.74,0.933075,-0.359682,3.23293,3.47089
1138.86,-5048.77,0.938449,-0.345418,3.28681,3.52484
1138.13,-5046.74,0.943601,-0.331086,3.46041,3.44414
1137.44,-5044.74,0.947574,-0.319535,3.51523,3.48221
1136.74,-5042.65,0.947188,-0.32068,3.56168,3.52865
1136.01,-5040.52,0.946508,-0.322681,3.61703,3.56619
1135.3,-5038.44,0.945799,-0.324754,3.66375,3.61222
1134.55,-5036.26,0.944735,-0.327836,3.71013,3.65859
1133.78,-5034.06,0.943648,-0.33095,3.75703,3.70412
1133,-5031.83,0.942547,-0.334074,3.80352,3.74992
1132.22,-5029.65,0.941444,-0.33717,3.84967,3.79606
1131.4,-5027.37,0.940281,-0.340398,3.89634,3.84137
1130.56,-5025.07,0.939103,-0.343635,3.94261,3.88694
1129.73,-5022.82,0.937924,-0.346841,3.98853,3.93285
1128.86,-5020.46,0.936682,-0.35018,4.03498,3.97794
1127.97,-5018.09,0.935424,-0.353528,4.07776,4.02642
1127.08,-5015.76,0.934188,-0.356781,4.12341,4.07205
1126.15,-5013.34,0.933011,-0.359849,4.16949,4.11693
1125.21,-5010.89,0.931818,-0.362925,4.21521,4.16204
1124.27,-5008.49,0.930629,-0.365965,4.25763,4.21004
1123.28,-5006,0.929399,-0.369078,4.30285,4.25524
1122.28,-5003.48,0.92827,-0.371907,4.34825,4.30011
1121.28,-5001.01,0.927166,-0.37465,4.39376,4.34458
1120.24,-4998.44,0.926004,-0.377515,4.43876,4.38956
1119.18,-4995.85,0.924811,-0.380428,4.48394,4.43421
1118.1,-4993.24,0.923606,-0.383343,4.52922,4.47846
1117.04,-4990.68,0.922416,-0.386198,4.574,4.52322
1115.92,-4988.02,0.921156,-0.389194,4.61526,4.57126
1114.78,-4985.34,0.919913,-0.392123,4.66021,4.61532
1113.66,-4982.72,0.918836,-0.394639,4.70472,4.65982
1112.48,-4979.99,0.917698,-0.397278,4.74938,4.70402
1111.29,-4977.24,0.916551,-0.399918,4.79411,4.74787
1110.11,-4974.55,0.915419,-0.402502,4.8384,4.79214
1108.88,-4971.75,0.914224,-0.405209,4.88284,4.83613
1107.66,-4969.02,0.913057,-0.407833,4.92735,4.87976
1106.39,-4966.18,0.91183,-0.410569,4.97143,4.92382
1105.09,-4963.32,0.910575,-0.413344,5.01162,4.97155
1103.82,-4960.53,0.909376,-0.415975,5.0558,5.015
1102.49,-4957.62,0.908303,-0.418312,5.09962,5.05881
1101.13,-4954.69,0.907208,-0.420682,5.14355,5.10237
1099.76,-4951.74,0.906105,-0.423054,5.18741,5.14586
1098.41,-4948.86,0.90502,-0.425369,5.23109,5.18952
1097,-4945.87,0.903886,-0.427774,5.44994,5.07233
1095.57,-4942.85,0.901294,-0.433209,5.50611,5.11831
1094.12,-4939.92,0.890868,-0.454261,5.55727,5.16931
1092.54,-4936.91,0.87932,-0.476231,5.61206,5.21635
1090.87,-4933.91,0.867187,-0.497982,5.66283,5.26649
1089.16,-4931.01,0.854708,-0.51911,5.71336,5.31686
1087.31,-4928.04,0.841266,-0.540622,5.7578,5.372
1085.36,-4925.09,0.827337,-0.561705,5.79477,5.43212
1083.39,-4922.26,0.813774,-0.581181,5.84338,5.48059
1081.27,-4919.35,0.800066,-0.599911,5.87244,5.54597
1079.06,-4916.48,0.786147,-0.618039,5.91363,5.59799
1076.85,-4913.71,0.773532,-0.633757,5.96029,5.64453
1074.48,-4910.88,0.760572,-0.649253,5.99481,5.70177
1072.04,-4908.08,0.747448,-0.66432,6.0338,5.75343
1069.61,-4905.39,0.735324,-0.677715,6.07918,5.7987
1067.03,-4902.63,0.723045,-0.690801,6.09271,5.87324
1064.38,-4899.9,0.710958,-0.703234,6.11828,5.93448
1061.75,-4897.28,0.701527,-0.712643,6.16172,5.97784
1058.98,-4894.59,0.693095,-0.720846,6.1965,6.02909
1056.17,-4891.91,0.684684,-0.72884,6.23011,6.08094
1053.3,-4889.24,0.67697,-0.73601,6.27287,6.12364
1050.48,-4886.67,0.670134,-0.74224,6.31146,6.17003
1047.52,-4884.02,0.663074,-0.748554,6.33903,6.2268
1044.61,-4881.47,0.65666,-0.754186,6.37664,6.27311
1041.56,-4878.83,0.651292,-0.758827,6.41862,6.31505
1038.48,-4876.2,0.646249,-0.763126,6.45563,6.36169
1035.46,-4873.66,0.641395,-0.767211,6.49263,6.40795
1032.3,-4871.04,0.636842,-0.770994,6.53428,6.44956
1029.11,-4868.41,0.632654,-0.774435,6.56541,6.50137
1025.88,-4865.79,0.628607,-0.777723,6.60689,6.54283
1022.73,-4863.25,0.625514,-0.780213,6.65951,6.57306
1019.44,-4860.62,0.622135,-0.78291,6.69569,6.61949
1016.11,-4857.99,0.617874,-0.786277,6.72627,6.6711
1012.75,-4855.37,0.614198,-0.789152,6.76738,6.71218
1009.47,-4852.82,0.611494,-0.791249,6.81416,6.74751
1006.05,-4850.18,0.608605,-0.793474,6.84986,6.7936
1002.6,-4847.55,0.605297,-0.795999,6.89076,6.83448
999.224,-4844.99,0.602517,-0.798106,6.93176,6.87512
995.712,-4842.35,0.599635,-0.800273,6.97856,6.90978
992.169,-4839.7,0.596633,-0.802514,7.01929,6.95049
988.706,-4837.14,0.593205,-0.805051,7.05437,6.99666
985.099,-4834.49,0.589744,-0.80759,7.09521,7.0368
981.46,-4831.85,0.586751,-0.809767,7.13571,7.07727
977.791,-4829.2,0.583719,-0.811955,7.17041,7.12336
974.206,-4826.63,0.580867,-0.813999,7.1281,7.24676
970.477,-4823.98,0.579764,-0.814785,7.16862,7.28733
966.852,-4821.38,0.585743,-0.810497,7.19706,7.34014
963.11,-4818.65,0.59208,-0.805879,7.22499,7.39355
959.37,-4815.88,0.599639,-0.800271,7.26563,7.43426
955.755,-4813.14,0.60797,-0.79396,7.31162,7.46929
952.032,-4810.26,0.616417,-0.78742,7.35709,7.50442
948.319,-4807.33,0.62425,-0.781224,7.39735,7.54474
944.731,-4804.43,0.631361,-0.775489,7.4432,7.5792
941.033,-4801.4,0.63856,-0.769572,7.4829,7.61968
937.344,-4798.31,0.64524,-0.76398,7.52296,7.6598
933.778,-4795.27,0.651697,-0.75848,7.49005,7.77531
930.103,-4792.09,0.65943,-0.751766,7.53638,7.8112
926.456,-4788.84,0.672967,-0.739673,7.57744,7.85236
922.849,-4785.5,0.685873,-0.727722,7.61687,7.89487
919.392,-4782.19,0.698199,-0.715904,7.66299,7.93027
915.865,-4778.69,0.71075,-0.703445,7.70371,7.97108
912.49,-4775.23,0.722309,-0.691571,7.75514,8.00037
909.048,-4771.57,0.733886,-0.679272,7.80722,8.02841
905.648,-4767.85,0.744296,-0.66785,7.86508,8.04977
902.287,-4764.05,0.753436,-0.657522,7.90466,8.08941
898.957,-4760.19,0.761155,-0.64857,7.95017,8.12281
895.759,-4756.4,0.768457,-0.639902,7.99516,8.1563
892.487,-4752.43,0.775407,-0.631462,8.03437,8.19557
889.341,-4748.53,0.781677,-0.623683,8.08638,8.22162
886.12,-4744.45,0.78791,-0.61579,8.13133,8.25435
882.921,-4740.32,0.793136,-0.609044,8.17014,8.2932
879.84,-4736.28,0.797759,-0.602977,8.20859,8.33229
876.677,-4732.06,0.802487,-0.59667,8.25348,8.36458
873.533,-4727.8,0.807111,-0.5904,8.29205,8.40318
870.503,-4723.63,0.811159,-0.584826,8.3372,8.43498
867.391,-4719.28,0.81522,-0.579151,8.38206,8.46672
864.294,-4714.9,0.818753,-0.574145,8.42035,8.50504
861.304,-4710.61,0.821756,-0.56984,8.46542,8.53637
858.227,-4706.15,0.824755,-0.565491,8.50316,8.57478
855.159,-4701.65,0.827318,-0.561734,8.54123,8.61287
852.097,-4697.12,0.829884,-0.557936,8.58623,8.64384
849.137,-4692.7,0.832276,-0.554361,8.62382,8.68196
846.087,-4688.11,0.834317,-0.551285,8.66167,8.71983
843.04,-4683.48,0.836363,-0.548176,8.70661,8.75045
839.998,-4678.82,0.838319,-0.545179,8.74422,8.78826
837.052,-4674.27,0.839799,-0.542897,8.78192,8.82598
834.01,-4669.56,0.841326,-0.540528,8.8267,8.85634
831.065,-4664.96,0.842738,-0.538324,8.86414,8.89392
828.021,-4660.18,0.843758,-0.536723,8.90165,8.93144
825.069,-4655.53,0.844748,-0.535165,8.9389,8.96896
822.018,-4650.71,0.845768,-0.533551,8.97616,9.00635
818.963,-4645.86,0.846794,-0.531922,9.01348,9.04368
815.905,-4640.98,0.84782,-0.530284,9.05816,9.07339
812.844,-4636.07,0.848748,-0.528797,9.09526,9.11056
809.872,-4631.3,0.849248,-0.527994,9.13239,9.14769
806.893,-4626.5,0.849748,-0.527188,9.16933,9.18477
803.81,-4621.53,0.850265,-0.526355,9.20625,9.22175
800.719,-4616.53,0.850785,-0.525514,9.24301,9.25865
797.621,-4611.51,0.851307,-0.524668,9.27984,9.29548
794.613,-4606.62,0.851815,-0.523842,9.31657,9.33228
791.5,-4601.56,0.85234,-0.522988,9.35316,9.369
788.38,-4596.47,0.852866,-0.52213,9.3898,9.40565
785.252,-4591.35,0.853395,-0.521265,9.43431,9.43431
782.216,-4586.38,0.853824,-0.520562,9.47077,9.47077
779.071,-4581.22,0.853824,-0.520562,9.50724,9.50724
776.013,-4576.2,0.853824,-0.520562,9.51951,9.56784
772.845,-4571.01,0.854076,-0.520149,9.55593,9.60429
769.674,-4565.78,0.855681,-0.517504,9.58397,9.64894
766.507,-4560.53,0.857364,-0.514711,9.62011,9.68535
763.447,-4555.41,0.859431,-0.511252,9.66421,9.71354
760.199,-4549.92,0.861544,-0.507683,9.70034,9.74968
757.155,-4544.74,0.863092,-0.505046,9.73632,9.78586
754.018,-4539.36,0.864684,-0.502316,9.77209,9.82202
750.985,-4534.12,0.866225,-0.499655,9.80804,9.85799
747.859,-4528.69,0.867817,-0.496884,9.84384,9.89399
744.739,-4523.22,0.869402,-0.494105,9.87974,9.9299
741.722,-4517.89,0.870934,-0.4914,9.92374,9.95744
738.614,-4512.36,0.872427,-0.488745,9.96783,9.98475
735.509,-4506.81,0.873397,-0.487008,10.0035,10.0205
732.498,-4501.4,0.873908,-0.486092,10.039,10.0561
729.385,-4495.8,0.874435,-0.485143,10.0745,10.0917
726.266,-4490.17,0.874964,-0.484188,10.1101,10.1272
723.143,-4484.52,0.875494,-0.483229,10.1454,10.1627
720.016,-4478.85,0.876024,-0.482268,10.1807,10.198
716.981,-4473.33,0.876539,-0.48133,10.2161,10.2334
713.844,-4467.61,0.877072,-0.480358,10.2512,10.2687
710.702,-4461.86,0.877605,-0.479384,10.2951,10.2951
707.654,-4456.28,0.87804,-0.478587,10.3214,10.339
704.499,-4450.49,0.878124,-0.478433,10.3564,10.3741
701.338,-4444.68,0.878664,-0.477441,10.3914,10.4091
698.172,-4438.85,0.879203,-0.476447,10.4262,10.4441
695.102,-4433.17,0.879727,-0.47548,10.4611,10.479
691.928,-4427.29,0.880269,-0.474475,10.4959,10.5138
688.85,-4421.58,0.880794,-0.4735,10.5396,10.5396
685.669,-4415.65,0.881251,-0.472648,10.5743,10.5743
682.479,-4409.7,0.881251,-0.472648,10.618,10.5999
679.279,-4403.74,0.881166,-0.472808,10.6435,10.6435
676.165,-4397.94,0.88072,-0.473637,10.678,10.678
672.836,-4391.75,0.88072,-0.473637,10.6942,10.7309
669.699,-4385.92,0.880893,-0.473315,10.7285,10.7654
666.459,-4379.87,0.882001,-0.471248,10.7629,10.7998
663.224,-4373.8,0.88311,-0.469166,10.7879,10.8434
659.992,-4367.7,0.884302,-0.466916,10.822,10.8778
656.869,-4361.76,0.885904,-0.463869,10.8562,10.9121
653.657,-4355.6,0.887557,-0.460699,10.8996,10.937
650.457,-4349.41,0.889114,-0.457686,10.9336,10.9712
647.265,-4343.19,0.890207,-0.455556,10.9676,11.0052
644.077,-4336.95,0.891302,-0.45341,11.011,11.0299
640.895,-4330.68,0.892307,-0.451429,11.2054,10.9049
637.813,-4324.58,0.891681,-0.452664,11.2403,10.9396
634.552,-4318.29,0.88281,-0.469731,11.2759,10.9733
631.16,-4312.06,0.873599,-0.486646,11.3111,11.0074
627.75,-4306.06,0.864311,-0.502957,11.3458,11.042
624.101,-4299.92,0.854374,-0.519659,11.3431,11.1129
620.321,-4293.83,0.844505,-0.535548,11.3693,11.1561
616.429,-4287.78,0.836616,-0.54779,11.3931,11.2002
612.441,-4281.78,0.829178,-0.558985,11.7537,10.9234
608.361,-4275.8,0.81857,-0.574406,11.7393,11.0147
604.045,-4269.97,0.787558,-0.616241,11.7778,11.053
599.433,-4264.33,0.758141,-0.652091,11.8188,11.0885
594.548,-4258.89,0.727048,-0.686587,11.805,11.1762
589.562,-4253.83,0.695956,-0.718085,11.8419,11.2129
584.184,-4248.81,0.666501,-0.745504,11.8532,11.2738
578.591,-4244,0.636341,-0.771408,12.0268,11.1981
572.798,-4239.39,0.605325,-0.795978,11.8636,11.4311
566.963,-4235.17,0.566261,-0.824226,11.8309,11.5311
560.763,-4231.03,0.544345,-0.838861,11.825,11.6036
554.255,-4226.89,0.528306,-0.849054,11.7877,11.7064
548.062,-4223.09,0.5178,-0.855502,11.8205,11.7392
541.619,-4219.21,0.513342,-0.858184,11.8432,11.782
535.137,-4215.35,0.509041,-0.860742,11.8657,11.8247
528.824,-4211.64,0.505946,-0.862565,11.8983,11.8573
522.278,-4207.81,0.503678,-0.863892,11.9206,11.9
515.91,-4204.11,0.501619,-0.865089,11.9531,11.9325
509.311,-4200.28,0.500478,-0.865749,11.9753,11.9753
502.69,-4196.46,0.499515,-0.866305,12.0076,12.0076
496.256,-4192.75,0.499515,-0.866305,12.0399,12.0399
489.596,-4188.91,0.499515,-0.866305,12.0721,12.0721
482.919,-4185.06,0.499515,-0.866305,12.1043,12.1043
476.223,-4181.2,0.499515,-0.866305,12.1364,12.1364
469.3,-4177.21,0.499515,-0.866305,12.1685,12.1685
462.569,-4173.33,0.499515,-0.866305,12.2006,12.2006
455.82,-4169.44,0.499515,-0.866305,12.2219,12.2432
449.264,-4165.66,0.499699,-0.866199,12.2538,12.2751
442.483,-4161.74,0.500878,-0.865518,12.2857,12.307
435.478,-4157.68,0.502094,-0.864813,12.3174,12.3389
428.672,-4153.72,0.503275,-0.864126,12.3492,12.3707
421.855,-4149.74,0.504462,-0.863434,12.3809,12.4024
415.238,-4145.87,0.505611,-0.862762,12.4125,12.4341
408.397,-4141.86,0.5068,-0.862064,12.4441,12.4658
401.543,-4137.82,0.507994,-0.861361,12.4757,12.4974
394.677,-4133.77,0.509187,-0.860656,12.518,12.518
388.015,-4129.82,0.510196,-0.860058,12.5496,12.5496
381.123,-4125.73,0.510196,-0.860058,12.581,12.581
374.213,-4121.63,0.510196,-0.860058,12.6124,12.6124
367.502,-4117.65,0.510196,-0.860058,12.6437,12.6437
360.341,-4113.4,0.510196,-0.860058,12.675,12.675
353.597,-4109.4,0.510196,-0.860058,12.7062,12.7062
346.618,-4105.26,0.510196,-0.860058,12.7374,12.7374
339.841,-4101.24,0.510196,-0.860058,12.7686,12.7686
332.827,-4097.08,0.510196,-0.860058,12.7996,12.7996
325.797,-4092.91,0.510196,-0.860058,12.8306,12.8306
318.75,-4088.73,0.510196,-0.860058,12.7722,12.9513
311.685,-4084.54,0.511736,-0.859143,12.7919,12.9939
304.634,-4080.29,0.521747,-0.8531,12.8231,13.0251
297.837,-4076.08,0.532389,-0.8465,12.8425,13.068
290.86,-4071.63,0.543487,-0.839418,12.8845,13.0881
283.929,-4067.08,0.555361,-0.831609,12.9155,13.1192
277.258,-4062.56,0.565815,-0.824532,12.9572,13.1392
270.416,-4057.81,0.576338,-0.817211,13.0218,13.136
263.828,-4053.11,0.585087,-0.810971,13.0525,13.1667
257.054,-4048.19,0.591001,-0.806671,13.0942,13.1861
250.301,-4043.2,0.596706,-0.80246,13.1476,13.1937
243.565,-4038.16,0.601051,-0.799211,13.178,13.2242
237.043,-4033.25,0.603333,-0.79749,13.2199,13.243
230.31,-4028.14,0.605501,-0.795845,13.2502,13.2734
223.573,-4023,0.606681,-0.794945,13.2803,13.3037
216.827,-4017.85,0.607863,-0.794042,13.3105,13.3339
210.285,-4012.83,0.609012,-0.793161,13.3523,13.3523
203.524,-4007.64,0.610012,-0.792392,13.3824,13.3824
196.963,-4002.58,0.610012,-0.792392,13.4125,13.4125
190.174,-3997.36,0.610012,-0.792392,13.4543,13.4307
183.37,-3992.12,0.609825,-0.792536,13.4842,13.4605
176.547,-3986.88,0.608627,-0.793457,13.5142,13.4905
169.914,-3981.8,0.60746,-0.79435,13.5441,13.5203
163.044,-3976.55,0.606253,-0.795271,13.5739,13.55
156.151,-3971.3,0.605042,-0.796193,13.6037,13.5798
149.234,-3966.06,0.603825,-0.797117,13.6214,13.6214
142.512,-3960.97,0.602834,-0.797867,13.6631,13.639
135.554,-3955.71,0.602642,-0.798012,13.6927,13.6686
128.577,-3950.45,0.601413,-0.798938,13.7102,13.7102
121.795,-3945.35,0.600413,-0.79969,13.7397,13.7397
114.776,-3940.08,0.600413,-0.79969,13.7692,13.7692
107.742,-3934.8,0.600413,-0.79969,13.7865,13.8108
100.693,-3929.51,0.600607,-0.799544,13.8157,13.8401
93.8552,-3924.37,0.601811,-0.798638,13.8451,13.8695
86.7898,-3919.03,0.603058,-0.797697,13.8743,13.8988
79.7178,-3913.68,0.604304,-0.796754,13.9157,13.9157
72.6388,-3908.3,0.605357,-0.795954,13.9449,13.9449
65.5481,-3902.91,0.605357,-0.795954,13.9864,13.9617
58.4425,-3897.51,0.60516,-0.796104,14.0031,14.0031
51.0941,-3891.93,0.604061,-0.796938,14.0322,14.0322
44.1732,-3886.68,0.604061,-0.796938,14.0611,14.0611
37.0144,-3881.26,0.604061,-0.796938,14.0033,14.1772
30.0657,-3875.99,0.605169,-0.796097,14.0324,14.2063
22.9134,-3870.49,0.613989,-0.789314,14.0487,14.2482
15.8082,-3864.91,0.622936,-0.782273,14.0775,14.2774
8.75687,-3859.22,0.632877,-0.774252,14.1065,14.3065
1.98182,-3853.62,0.642428,-0.766346,14.1599,14.3107
-4.95258,-3847.73,0.651813,-0.75838,13.3111,15.2693
-11.8327,-3841.76,0.672587,-0.740018,13.367,15.3265
-18.0396,-3835.43,0.75727,-0.653102,13.4171,15.3891
-23.6163,-3828.14,0.83308,-0.553153,13.4748,15.4431
-28.2513,-3820.18,0.896064,-0.443925,14.6302,14.3484
-31.7701,-3811.93,0.937319,-0.348472,14.6589,14.377
-35.0757,-3803.27,0.930882,-0.365321,15.0289,14.0726
-38.5469,-3794.65,0.921543,-0.388276,14.0606,15.109
-42.3951,-3786.16,0.90649,-0.422228,14.0945,15.1433
-45.9626,-3777.85,0.932003,-0.362451,15.2649,14.0452
-49.0881,-3769.03,0.947183,-0.320693,15.3015,14.0814
-52.3049,-3760.54,0.920246,-0.39134,14.0659,15.3924
-56.2883,-3752.02,0.898389,-0.439201,15.5291,14.0113
-59.9875,-3743.67,0.922911,-0.385014,15.5706,14.0523
-64.0203,-3735.12,0.881216,-0.472713,15.5387,14.1612
-68.8762,-3726.98,0.831977,-0.55481,14.1077,15.6753
-74.4604,-3719.29,0.79799,-0.60267,14.1492,15.7174
-79.6839,-3711.67,0.85271,-0.522385,15.6047,14.3351
-84.2992,-3703.31,0.888074,-0.4597,15.4749,14.5293
-89.023,-3694.97,0.849545,-0.527516,15.5069,14.5611
-94.1451,-3687.21,0.817175,-0.576389,15.7724,14.3706
-99.9146,-3679.5,0.777952,-0.628324,14.1859,16.0515
-106.274,-3672.25,0.740865,-0.671654,14.2334,16.0998
-112.184,-3664.98,0.813432,-0.58166,15.6897,14.7095
-117.389,-3656.79,0.862916,-0.505347,15.6632,14.7975
-122.381,-3648.79,0.831139,-0.556065,15.694,14.828
-128.193,-3640.59,0.798024,-0.602626,16.0006,14.5948
-134.086,-3633.19,0.761043,-0.648702,15.9765,14.6895
-140.745,-3626.01,0.700526,-0.713627,16.0119,14.7245
-147.773,-3619.61,0.641408,-0.7672,15.9221,14.8789
-155.556,-3613.59,0.578083,-0.815978,15.8451,15.0161
-163.773,-3608.15,0.524183,-0.851605,15.8751,15.0459
-172.31,-3603.18,0.478284,-0.878205,15.6943,15.282
-180.836,-3598.8,0.43628,-0.899811,15.6398,15.3902
-189.809,-3594.58,0.413872,-0.910335,15.6667,15.417
-198.596,-3590.67,0.399735,-0.916631,15.5266,15.6102
-207.744,-3586.76,0.388113,-0.921612,15.4973,15.6928
-216.919,-3582.87,0.394066,-0.919082,15.5239,15.7194
-225.785,-3579,0.405177,-0.914238,15.4811,15.8158
-234.903,-3574.9,0.417851,-0.908515,15.5073,15.8432
-243.961,-3570.62,0.437228,-0.899351,15.534,15.8701
-252.661,-3566.29,0.455866,-0.890049,15.5605,15.8972
-261.561,-3561.61,0.474906,-0.880036,15.5868,15.9242
-270.373,-3556.74,0.493764,-0.869596,15.6135,15.9509
-278.821,-3551.84,0.511843,-0.859079,15.6674,15.95
-287.447,-3546.58,0.52981,-0.848116,15.8195,15.8602
-295.985,-3541.15,0.543035,-0.83971,15.7526,15.9796
-304.492,-3535.63,0.546779,-0.837277,15.8067,15.9777
-312.958,-3530.02,0.558417,-0.829561,16.0045,15.8473
-321.107,-3524.47,0.564475,-0.82545,15.8803,16.0234
-329.549,-3518.76,0.558636,-0.829413,15.9204,16.0352
-337.993,-3513.02,0.565976,-0.824422,15.967,16.0422
-346.143,-3507.38,0.571505,-0.820599,16.0994,15.9736
-354.8,-3501.33,0.573926,-0.818907,15.9758,16.1489
-363.228,-3495.46,0.570264,-0.821461,16.0157,16.1605
-371.382,-3489.74,0.578815,-0.815459,16.0776,16.1535
-379.754,-3483.74,0.585789,-0.810464,16.1169,16.1701
-387.84,-3477.87,0.589447,-0.807807,16.4635,15.8821
-396.18,-3471.77,0.587067,-0.809538,16.4301,15.9684
-404.665,-3465.84,0.557538,-0.830152,16.5,15.9517
-413.353,-3460.18,0.532037,-0.846721,16.5271,15.9778
-421.956,-3454.96,0.502946,-0.864318,16.5538,16.0044
-431.032,-3449.88,0.472255,-0.881462,16.5095,16.1008
-440.297,-3445.11,0.442237,-0.896898,16.4775,16.1841
-449.418,-3440.75,0.420421,-0.907329,16.5031,16.2097
-458.941,-3436.43,0.40331,-0.915063,16.485,16.2785
-468.256,-3432.42,0.387236,-0.921981,16.4217,16.3921
-477.949,-3428.42,0.376657,-0.926353,16.4468,16.4172
-487.681,-3424.47,0.374898,-0.927066,16.4126,16.5017
-497.436,-3420.54,0.37424,-0.927332,16.4226,16.5417
-506.889,-3416.69,0.379579,-0.925159,16.6377,16.3944
-516.637,-3412.66,0.383277,-0.923633,16.4665,16.6157
-526.431,-3408.67,0.372493,-0.928035,16.4911,16.6409
-536.239,-3404.69,0.381343,-0.924434,16.516,16.6658
-545.719,-3400.73,0.389911,-0.920853,16.5259,16.7059
-555.479,-3396.54,0.398998,-0.916952,16.785,16.5181
-564.907,-3392.38,0.405941,-0.913899,16.5861,16.7667
-574.681,-3388.13,0.394387,-0.918945,16.6407,16.7615
-584.468,-3383.87,0.404437,-0.914566,17.0282,16.4565
-593.926,-3379.65,0.406219,-0.913776,16.7065,16.8277
-603.791,-3375.46,0.378942,-0.92542,16.7006,16.8828
-613.708,-3371.36,0.386673,-0.922217,17.1044,16.5582
-623.291,-3367.28,0.391711,-0.920088,16.8102,16.9017
-633.27,-3363.22,0.365259,-0.930906,16.7584,17.0026
-643.303,-3359.25,0.372122,-0.928184,16.7522,17.058
-652.991,-3355.29,0.386585,-0.922254,17.046,16.838
-662.934,-3351.02,0.399854,-0.916579,16.8134,17.1197
-672.899,-3346.74,0.392356,-0.919813,16.8379,17.1444
-682.849,-3342.39,0.410317,-0.911943,16.9076,17.1233
-692.419,-3337.98,0.426749,-0.90437,16.9011,17.1786
-702.239,-3333.27,0.43975,-0.89812,17.1857,16.9662
-711.997,-3328.39,0.451201,-0.892422,17.0071,17.1931
-721.783,-3323.52,0.442987,-0.896528,17.0463,17.2019
-731.264,-3318.77,0.453022,-0.891499,17.2857,17.0298
-741.014,-3313.76,0.458223,-0.888837,17.1349,17.2285
-750.506,-3308.96,0.446566,-0.894751,17.1586,17.2525
-760.333,-3304.02,0.45192,-0.892059,17.1824,17.2763
-770.144,-3299.01,0.457274,-0.889326,16.9599,17.5485
-779.936,-3293.94,0.466992,-0.884262,16.9839,17.5743
-789.31,-3288.78,0.498958,-0.866626,17.0087,17.5992
-798.796,-3283.09,0.531341,-0.847158,17.0331,17.6246
-808.073,-3277.04,0.562978,-0.826472,17.1487,17.5574
-816.849,-3270.84,0.591724,-0.806141,17.1728,17.5816
-825.722,-3264.16,0.612605,-0.790389,17.2588,17.5432
-834.429,-3257.24,0.632107,-0.774881,17.3294,17.5198
-842.734,-3250.35,0.644951,-0.764224,17.3529,17.5434
-851.217,-3243.11,0.654217,-0.756307,17.4397,17.5034
-859.622,-3235.76,0.662438,-0.749117,17.4949,17.4949
-867.726,-3228.56,0.664914,-0.74692,17.7845,17.275
-876.093,-3221.12,0.661099,-0.750299,17.6011,17.5052
-884.622,-3213.83,0.639468,-0.768817,17.6406,17.5123
-893.01,-3206.89,0.634634,-0.772813,17.8634,17.353
-901.734,-3199.79,0.625289,-0.780393,17.6476,17.6154
-910.354,-3193.09,0.603339,-0.797485,17.6384,17.6707
-919.36,-3186.29,0.602211,-0.798337,17.8186,17.5502
-928.377,-3179.47,0.601458,-0.798904,17.6913,17.7236
-937.188,-3172.94,0.590024,-0.807386,17.7142,17.7466
-946.333,-3166.25,0.591694,-0.806163,17.7371,17.7696
-955.476,-3159.52,0.593366,-0.804933,17.7438,17.8087
-964.616,-3152.77,0.595296,-0.803506,17.9219,17.6882
-973.462,-3146.19,0.596611,-0.80253,17.8116,17.8442
-982.655,-3139.46,0.586701,-0.809804,17.8344,17.867
-991.889,-3132.75,0.588389,-0.808578,17.857,17.8897
-1000.83,-3126.23,0.590024,-0.807386,17.8797,17.9124
-1010.35,-3119.26,0.591767,-0.806109,17.886,17.9515
-1019.58,-3112.47,0.593718,-0.804673,18.164,17.7403
-1028.51,-3105.86,0.593051,-0.805165,17.942,18.0077
-1037.85,-3099.16,0.575011,-0.818146,17.2569,18.7511
-1047.24,-3092.52,0.590041,-0.807373,17.2591,18.8102
-1055.96,-3085.55,0.662626,-0.748951,17.3315,18.8031
-1064.24,-3077.51,0.733051,-0.680173,17.2585,18.94
-1071.72,-3068.7,0.795044,-0.606551,17.403,18.8552
-1078.08,-3059.46,0.852651,-0.52248,17.4322,18.8849
-1083.87,-3048.98,0.898743,-0.438477,17.7147,18.6537
-1088.37,-3038.67,0.932697,-0.360661,17.8788,18.5372
-1092.15,-3028.05,0.95124,-0.308451,17.9022,18.5609
-1095.53,-3016.89,0.963391,-0.2681,18.2204,18.2874
-1098.35,-3005.95,0.97244,-0.233153,18.3263,18.2257
-1101.14,-2994.22,0.973076,-0.230483,18.3484,18.2478
-1103.78,-2983.2,0.97162,-0.236547,18.4546,18.1861
-1106.59,-2971.83,0.969668,-0.244427,18.5604,18.1251
-1109.55,-2960.49,0.964888,-0.262663,18.6001,18.1306
-1112.78,-2949.2,0.957098,-0.289766,18.872,17.9238
-1116.23,-2938.34,0.946727,-0.322038,18.6393,18.2021
-1120.34,-2927.31,0.927378,-0.374125,18.5782,18.3073
-1124.89,-2916.43,0.917212,-0.3984,18.6002,18.3292
-1129.53,-2905.98,0.910391,-0.413749,18.5375,18.4355
-1134.66,-2894.93,0.903572,-0.428436,18.4911,18.5252
-1139.6,-2884.58,0.901436,-0.432913,18.5128,18.5469
-1144.72,-2873.9,0.902378,-0.430946,18.5515,18.5515
-1149.82,-2863.19,0.90317,-0.429284,18.7087,18.4484
-1154.92,-2852.47,0.902049,-0.431634,18.6002,18.6002
-1160.14,-2841.78,0.895892,-0.444272,18.6217,18.6217
-1165.43,-2831.11,0.895892,-0.444272,18.6603,18.6259
-1170.72,-2820.43,0.895739,-0.444579,18.9233,18.4252
-1175.87,-2810.08,0.893127,-0.449804,18.6786,18.713
-1181.41,-2799.49,0.88087,-0.473357,18.6999,18.7344
-1187.06,-2788.94,0.881912,-0.471415,18.7212,18.7557
-1192.7,-2778.37,0.882951,-0.469465,18.5707,18.9495
-1198.31,-2767.77,0.885591,-0.464466,18.0429,19.5312
-1203.76,-2757.07,0.901447,-0.432889,18.0707,19.5595
-1208.35,-2746.37,0.937502,-0.347979,18.0427,19.6455
-1212.03,-2734.9,0.966649,-0.256106,18.0827,19.6631
-1214.55,-2723.11,0.987757,-0.156,18.1113,19.6921
-1215.87,-2711.11,0.998461,-0.0554606,18.2662,19.5905
-1215.98,-2699.39,0.999202,0.0399461,18.5898,19.3131
-1215.02,-2687.32,0.992963,0.118427,18.6122,19.3357
-1213.32,-2675.31,0.986418,0.164255,18.9425,19.0477
-1211.15,-2663.75,0.979079,0.203482,19.1215,18.9107
-1208.64,-2651.85,0.978345,0.206981,19.1424,18.9316
-1206.2,-2639.93,0.981048,0.193765,19.4254,18.6996
-1203.98,-2628.33,0.984415,0.175859,19.3639,18.8046
-1202.1,-2616.28,0.991301,0.131614,19.3856,18.8262
-1200.7,-2604.14,0.995376,0.0960542,19.5013,18.7607
-1199.75,-2592.33,0.998218,0.0596736,19.3638,18.9409
-1199.29,-2580.1,0.99988,0.0154901,19.3849,18.962
-1199.26,-2567.84,0.999933,-0.0115745,19.3444,19.0449
-1199.54,-2555.95,0.999332,-0.0365555,19.2508,19.1797
-1200.1,-2543.68,0.998572,-0.0534228,19.2714,19.2002
-1200.78,-2531.4,0.998318,-0.0579676,19.185,19.3276
-1201.49,-2519.49,0.998158,-0.0606637,19.1876,19.366
-1202.19,-2507.19,0.998689,-0.051198,19.6221,19.0047
-1202.76,-2494.86,0.998859,-0.0477464,19.2091,19.4592
-1203.54,-2482.91,0.996873,-0.0790239,19.2471,19.462
-1204.43,-2470.57,0.997988,-0.0634078,19.6842,19.0979
-1205.14,-2458.2,0.998335,-0.0576742,19.3038,19.5193
-1206.07,-2445.82,0.9962,-0.0870974,19.2881,19.5758
-1207.04,-2433.83,0.997317,-0.0732043,19.3006,19.6269
-1207.84,-2421.41,0.998517,-0.0544473,19.3565,19.6365
-1208.4,-2408.97,0.99942,-0.0340451,19.7746,19.2929
-1208.72,-2396.88,0.999705,-0.0243029,19.3738,19.7347
-1209.2,-2384.39,0.998909,-0.046692,19.4294,19.7195
-1209.65,-2371.88,0.999704,-0.0243214,19.846,19.3721
-1209.85,-2359.74,0.999902,-0.013976,19.502,19.7564
-1210.19,-2347.19,0.999315,-0.0370122,19.5035,19.795
-1210.56,-2334.64,0.999793,-0.020369,20.0296,19.3444
-1210.72,-2322.45,0.999927,-0.0120688,19.5976,19.8167
-1211.12,-2309.86,0.998901,-0.0468632,19.5807,19.8734
-1211.62,-2297.65,0.999465,-0.0327001,19.9681,19.5508
-1211.92,-2285.02,0.999778,-0.0210675,19.6693,19.8894
-1212.34,-2272.38,0.999143,-0.0413889,19.6339,19.9645
-1212.78,-2259.73,0.999657,-0.0262052,19.69,19.9478
-1212.99,-2247.46,0.99998,-0.00629477,20.0227,19.6783
-1212.97,-2234.77,0.999991,0.00417734,19.7227,20.0178
-1213.05,-2222.06,0.999934,-0.011472,19.7788,20.0008
-1213.08,-2209.35,0.999978,0.00668228,20.112,19.7303
-1212.91,-2196.61,0.99989,0.0148491,19.8295,20.052
-1212.86,-2184.26,0.999996,-0.00277496,19.8672,20.053
-1212.81,-2171.5,0.999938,0.011096,20.3442,19.6489
-1212.61,-2158.72,0.9999,0.0141751,19.9045,20.1279
-1212.68,-2146.33,0.999767,-0.0215826,19.9607,20.1101
-1212.87,-2133.52,0.999968,-0.00802553,20.3129,19.8212
-1212.92,-2120.69,0.999988,-0.00487045,20.0115,20.1612
-1213.15,-2108.25,0.999581,-0.0289375,19.993,20.218
-1213.47,-2095.4,0.999827,-0.0186072,20.3089,19.9626
-1213.62,-2082.53,0.999951,-0.00992179,19.9863,20.3237
-1213.87,-2070.04,0.999699,-0.0245531,20.0237,20.3246
-1214.05,-2057.15,0.999994,-0.00332678,20.4773,19.9416
-1213.99,-2044.64,0.999963,0.00863554,20.078,20.3793
-1214.08,-2031.7,0.999851,-0.0172776,20.1342,20.361
-1214.19,-2018.75,0.999999,0.00126115,20.4554,20.1001
-1214.09,-2006.2,0.999943,0.0106688,20.1455,20.448
-1214.09,-1993.22,0.999985,-0.00549256,20.2019,20.4294
-1214.05,-1980.64,0.99992,0.0126672,20.5169,20.1739
-1213.79,-1967.63,0.999743,0.0226639,20.2881,20.4403
-1213.63,-1954.61,0.999984,0.00566459,20.2877,20.4781
-1213.5,-1941.58,0.999875,0.0157844,20.8013,20.0378
-1213.22,-1928.53,0.99983,0.0184319,20.324,20.553
-1213.27,-1915.47,0.99979,-0.0205091,20.3806,20.5336
-1213.45,-1902.79,0.999975,-0.0070738,20.7172,20.2573
-1213.49,-1889.7,0.999994,-0.00340791,20.3528,20.6591
-1213.71,-1876.59,0.999683,-0.0251757,20.3902,20.6588
-1213.91,-1863.87,0.999978,-0.00656658,20.8912,20.2298
-1213.9,-1850.74,0.999999,0.00132179,20.4255,20.733
-1214.12,-1837.99,0.99955,-0.0299926,20.4629,20.7326
-1214.4,-1824.82,0.999943,-0.0106964,20.9629,20.3041
-1214.44,-1812.05,0.999999,-0.00140297,20.5554,20.7486
-1214.71,-1798.84,0.999386,-0.0350352,20.5349,20.8057
-1215.1,-1785.63,0.99976,-0.0218971,20.816,20.5803
-1215.28,-1772.4,0.999954,-0.00963081,20.523,20.9101
-1215.49,-1759.57,0.999838,-0.0180129,20.5603,20.9094
-1215.57,-1746.31,0.99998,0.00637648,21.0609,20.4785
-1215.36,-1733.04,0.999812,0.0194018,20.6325,20.9436
-1215.32,-1720.16,0.99997,-0.00777074,20.6891,20.9232
-1215.3,-1706.85,0.999935,0.0113731,21.0062,20.662
-1215.06,-1693.54,0.999788,0.0205681,20.7544,20.9499
-1214.92,-1680.62,0.999989,0.00462611,20.7721,20.968
-1214.78,-1667.28,0.999853,0.0171424,20.8094,20.9664
-1214.47,-1653.92,0.999571,0.0292838,21.3502,20.4979
-1214.02,-1640.56,0.999572,0.0292398,20.844,21.0405
-1213.96,-1627.58,0.999884,-0.015204,20.9008,21.0191
-1214.08,-1614.18,0.999994,-0.00341327,21.2266,20.7504
-1214.09,-1600.76,0.999998,-0.00178849,20.8684,21.1443
-1214.3,-1587.33,0.999694,-0.0247387,20.9055,21.1426
-1214.52,-1574.31,0.999968,-0.00802292,21.449,20.6712
-1214.53,-1560.85,0.999996,-0.00299454,20.92,21.2363
-1214.88,-1547.38,0.999125,-0.0418191,20.9569,21.2346
-1215.33,-1533.47,0.999772,-0.0213401,21.4839,20.7784
-1215.51,-1520.39,0.999903,-0.0139583,21.01,21.288
-1215.98,-1506.87,0.998786,-0.0492587,20.9875,21.3455
-1216.52,-1493.77,0.999507,-0.031396,21.2247,21.1591
-1216.8,-1480.23,0.999919,-0.0127243,20.9908,21.4283
-1217,-1466.66,0.999929,-0.0118905,21.0277,21.4265
-1216.98,-1453.09,0.999876,0.0157203,21.5118,21.0102
-1216.62,-1439.93,0.999447,0.0332402,21.1185,21.4384
-1216.37,-1426.33,0.999956,0.00935643,21.1955,21.396
-1216.11,-1412.71,0.99959,0.0286331,21.2127,21.4133
-1215.64,-1399.09,0.99914,0.0414617,21.2096,21.4507
-1215.02,-1385.89,0.998525,0.0542883,21.8198,20.9124
-1214.18,-1372.26,0.998304,0.0582247,21.3031,21.4642
-1213.75,-1358.59,0.999941,0.0108701,21.3603,21.441
-1213.55,-1345.33,0.999799,0.0200564,21.7342,21.1226
-1213.24,-1331.64,0.999833,0.0183013,21.4455,21.4455
-1213.24,-1317.92,0.999892,-0.0147253,21.3814,21.5434
-1213.44,-1304.2,0.999918,-0.0127815,21.3982,21.5603
-1213.55,-1290.89,0.999996,-0.00273644,21.4415,21.5527
-1213.52,-1277.14,0.999975,0.00713173,22.0629,21.0118
-1213.39,-1263.81,0.999997,0.00240367,21.4329,21.6767
-1213.78,-1250.03,0.998653,-0.0518935,21.4498,21.6936
-1214.4,-1236.25,0.999341,-0.0363053,21.4974,21.6802
-1214.8,-1222.45,0.99977,-0.021439,21.9103,21.3375
-1215.02,-1209.06,0.999844,-0.0176623,21.4368,21.8449
-1215.49,-1195.23,0.99901,-0.0444973,21.4537,21.8618
-1215.93,-1181.82,0.999815,-0.0192088,21.5109,21.8381
-1216.03,-1167.96,0.999981,0.00610227,21.7366,21.6617
-1215.8,-1153.65,0.99972,0.0236766,21.5315,21.9001
-1215.5,-1139.77,0.999728,0.0233186,21.6092,21.8556
-1215.04,-1126.31,0.99899,0.0449385,21.6665,21.8312
-1214.31,-1112.42,0.998206,0.0598734,21.9475,21.601
-1213.44,-1098.96,0.997821,0.0659827,21.7494,21.8319
-1212.65,-1084.61,0.998833,0.0482897,21.8069,21.8069
-1211.96,-1071.12,0.998617,0.0525729,22.1534,21.515
-1211.23,-1057.18,0.998991,0.0449203,21.8714,21.83
-1210.87,-1043.64,0.999936,0.0113206,21.8668,21.8668
-1210.73,-1029.66,0.999959,0.00908653,22.5929,21.2193
-1210.62,-1015.66,0.999973,-0.00739583,21.8611,21.9856
-1211.25,-1002.1,0.996993,-0.0774975,21.8562,22.0226
-1212.29,-988.102,0.997613,-0.0690489,22.5662,21.3903
-1213.17,-974.526,0.997394,-0.0721469,21.7466,22.2442
-1214.67,-960.541,0.991467,-0.130361,21.5214,22.5044
-1216.29,-946.556,0.995673,-0.092928,21.5391,22.5223
-1217.17,-932.938,0.999484,-0.032108,21.6556,22.4405
-1217.21,-918.839,0.999585,0.028823,21.7326,22.3971
-1216.47,-904.747,0.99699,0.0775355,21.7493,22.4138
-1215.14,-891.131,0.99295,0.118534,21.9929,22.2025
-1213.19,-877.134,0.987733,0.156155,22.1345,22.0924
-1210.97,-863.613,0.986042,0.166495,22.1502,22.1082
-1208.63,-849.654,0.986486,0.163843,22.483,21.817
-1206.34,-835.677,0.98791,0.155028,22.4178,21.9147
-1204.42,-821.631,0.993434,0.11441,22.434,21.9308
-1203.04,-807.957,0.996518,0.0833726,22.6681,21.7428
-1202.08,-793.792,0.998853,0.0478724,22.4738,21.9701
-1201.79,-779.584,0.999975,-0.00711343,22.4276,22.0482
-1202.1,-765.365,0.999274,-0.0380972,22.317,22.1901
-1202.78,-751.593,0.998254,-0.0590659,22.3326,22.2057
-1203.67,-737.378,0.997742,-0.0671702,22.339,22.2368
-1204.65,-723.604,0.997201,-0.074772,22.5368,22.0954
-1205.76,-709.381,0.996409,-0.0846758,22.1836,22.4801
-1207.16,-695.166,0.994424,-0.105454,22.1777,22.5171
-1208.5,-681.384,0.996232,-0.086732,22.8477,21.9255
-1209.6,-667.122,0.99698,-0.077658,22.1696,22.6359
-1211.04,-653.318,0.992346,-0.123487,22.1637,22.6733
-1212.61,-639.066,0.995629,-0.0933934,22.8863,22.0268
-1213.75,-624.76,0.997218,-0.0745404,22.2383,22.7067
-1215.12,-610.906,0.993131,-0.117007,22.1905,22.7861
-1216.64,-596.152,0.996382,-0.0849901,22.2268,22.7812
-1217.61,-581.791,0.998877,-0.0473696,22.8747,22.2062
-1218.06,-567.844,0.999681,-0.0252397,22.2367,22.8759
-1218.7,-553.432,0.998491,-0.0549216,22.3148,22.8289
-1219.22,-539.005,0.999883,-0.0152919,22.3303,22.8444
-1219.22,-524.558,0.999845,0.0176076,22.3244,22.8814
-1218.76,-510.561,0.998759,0.0498067,23.0548,22.2223
-1217.8,-496.126,0.997237,0.0742875,22.4603,22.8478
-1217.08,-481.655,0.999446,0.0332678,22.6042,22.7339
-1216.43,-467.17,0.998461,0.0554668,22.6191,22.7488
-1215.6,-453.139,0.997982,0.0634948,22.7899,22.6136
-1214.62,-438.653,0.997636,0.0687255,22.6949,22.7382
-1213.7,-424.152,0.998219,0.0596574,22.7097,22.753
-1212.81,-409.64,0.99805,0.0624269,22.8759,22.6246
-1211.89,-395.119,0.99806,0.0622552,22.765,22.765
-1211.11,-381.035,0.998789,0.0492062,22.7798,22.7798
-1210.39,-366.481,0.998789,0.0492062,22.99,22.61
-1209.68,-351.918,0.998968,0.045411,22.8147,22.8147
-1209.18,-337.334,0.999671,0.0256665,22.8294,22.8294
-1208.82,-323.192,0.999671,0.0256665,23.0262,22.6733
-1208.44,-308.584,0.999755,0.0221389,22.8207,22.9081
-1208.27,-293.961,0.999992,0.00395993,22.8353,22.9227
-1208.17,-279.327,0.999954,0.00955118,23.0006,22.7961
-1208,-265.142,0.99992,0.0126337,22.8472,22.9786
-1207.91,-250.486,0.999996,0.00290883,22.8617,22.9931
-1207.81,-235.821,0.999936,0.0113157,23.0212,22.8718
-1207.58,-221.148,0.999857,0.0169154,22.8951,23.0268
-1207.4,-206.462,0.999948,0.0101656,22.9095,23.0412
-1207.2,-192.227,0.999832,0.0183297,23.042,22.9437
-1206.87,-177.525,0.999701,0.0244578,22.9632,23.0512
-1206.56,-162.811,0.999799,0.0200325,22.9775,23.0655
-1206.22,-148.09,0.999671,0.025665,23.0749,23.002
-1205.82,-133.821,0.999555,0.029834,23.0307,23.0748
-1205.41,-119.081,0.999659,0.0261037,23.0449,23.089
-1205.01,-104.332,0.999582,0.0289267,23.135,23.0322
-1204.56,-89.5743,0.999541,0.0302811,23.0978,23.0978
-1204.16,-74.8051,0.999694,0.0247325,23.1707,23.0555
-1203.8,-60.0258,0.999722,0.0235807,23.1493,23.105
-1203.5,-45.6979,0.999855,0.0170058,23.6636,22.6511
-1203.28,-30.8964,0.999979,0.00642634,23.172,23.172
-1203.62,-16.081,0.998836,-0.0482277,23.186,23.186
-1204.34,-1.26706,0.998836,-0.0482277,23.2317,23.1718
-1205.03,13.0925,0.998813,-0.0487065,23.6693,22.8002
-1205.79,27.9249,0.998161,-0.0606155,23.0937,23.4049
-1207.07,42.7395,0.994548,-0.104282,23.1075,23.4192
-1208.44,57.0891,0.996375,-0.0850665,23.1371,23.4202
-1209.57,71.9358,0.997855,-0.0654575,23.6195,22.9976
-1210.43,86.8118,0.998408,-0.0564064,23.0559,23.5898
-1211.54,101.688,0.996417,-0.0845792,23.1138,23.5603
-1212.54,116.114,0.998625,-0.0524286,23.4128,23.3077
-1213.12,131.04,0.999568,-0.0293881,23.0846,23.6641
-1213.61,145.984,0.999572,-0.0292684,23.1646,23.6123
-1213.79,160.475,0.999986,0.00534189,23.1786,23.6263
-1213.49,175.909,0.999391,0.0348827,23.3926,23.45
-1212.8,190.403,0.998275,0.0587123,23.3226,23.5474
-1211.89,205.367,0.997947,0.0640504,23.3363,23.5611
-1210.87,219.861,0.996957,0.0779527,23.6176,23.3196
-1209.6,234.816,0.996201,0.0870822,23.5047,23.4596
-1208.42,249.791,0.997505,0.0705924,23.5183,23.4732
-1207.41,264.316,0.997699,0.0678026,23.7988,23.2319
-1206.42,279.322,0.998216,0.0597139,23.5968,23.4612
-1205.79,293.888,0.999607,0.0280463,23.6103,23.4747
-1205.43,308.943,0.999812,0.0193702,23.7689,23.3519
-1205.2,324.01,0.999969,0.00787747,23.5739,23.5739
-1205.26,339.089,0.999893,-0.014643,23.5873,23.5873
-1205.48,353.704,0.999893,-0.014643,23.6721,23.535
-1205.7,368.8,0.999872,-0.0160135,23.5261,23.7077
-1205.99,383.432,0.999759,-0.0219613,23.5393,23.7212
-1206.24,398.546,0.999947,-0.0103385,23.6344,23.6579
-1206.32,413.67,1,-0.000284481,23.5684,23.7504
-1206.31,428.331,0.999997,0.00243869,23.6043,23.741
-1206.19,443.474,0.999907,0.0136327,24.4446,22.9761
-1205.93,458.625,0.99998,0.00633009,23.6564,23.7932
-1206.49,473.785,0.997438,-0.0715401,23.6922,23.7837
-1207.49,488.462,0.99798,-0.0635276,24.5414,23.0097
-1208.45,504.103,0.997281,-0.0736989,23.5621,24.0183
-1210.17,518.739,0.988942,-0.148303,23.5976,24.0094
-1212.23,533.826,0.992797,-0.11981,24.4443,23.2392
-1213.88,548.973,0.993966,-0.109692,23.4255,24.2872
-1215.99,563.601,0.986589,-0.163227,23.4829,24.2577
-1218.1,578.723,0.993991,-0.10946,23.7904,23.9966
-1219.39,593.466,0.99781,-0.066146,23.3873,24.4278
-1220.3,608.731,0.999003,-0.0446387,23.511,24.3324
-1220.51,624.029,0.999805,0.0197438,23.5248,24.3463
-1219.83,639.323,0.997386,0.0722545,23.6722,24.2274
-1218.4,654.094,0.992674,0.120825,23.6646,24.2616
-1216.3,669.277,0.987689,0.156429,24.7708,23.2286
-1213.64,684.384,0.984919,0.173018,24.1295,23.8982
-1211.72,699.135,0.995827,0.0912601,24.1423,23.911
-1210.42,714.45,0.997069,0.0765081,24.5521,23.5445
-1209.39,729.311,0.998431,0.0560015,24.1544,23.9687
-1208.98,744.695,1,-0.000234387,24.167,23.9814
-1209.07,760.095,0.999927,-0.0121171,24.3714,23.8149
-1209.33,775.02,0.999646,-0.0265931,24.0127,24.199
-1210.03,790.907,0.998438,-0.0558682,24.0253,24.2116
-1210.78,805.834,0.999017,-0.0443352,24.1019,24.1684
-1211.38,821.26,0.999435,-0.0336204,23.9383,24.3572
-1211.86,836.699,0.999666,-0.0258458,23.9509,24.3699
-1212.07,852.153,1,0.000965221,24.141,24.2147
-1211.86,867.615,0.999704,0.0243262,24.0036,24.3771
-1211.45,883.085,0.999487,0.0320374,24.0162,24.3896
-1210.81,898.069,0.998477,0.0551677,24.3476,24.0953
-1209.75,914.009,0.997294,0.0735201,24.1636,24.3041
-1208.75,928.994,0.998087,0.0618295,24.2696,24.2227
-1207.73,944.471,0.997622,0.0689288,24.3288,24.1881
-1206.68,959.954,0.997885,0.0649985,24.7114,23.8515
-1205.74,975.453,0.998807,0.0488275,24.3411,24.2472
-1205.37,990.502,0.999995,0.00319409,24.2828,24.3299
-1205.37,1006.05,0.999999,-0.00140878,24.295,24.342
-1205.37,1021.61,0.999999,0.00160273,24.4812,24.1934
-1205.32,1037.17,0.999999,0.00126538,24.1614,24.5377
-1205.43,1052.75,0.999945,-0.0105144,24.1737,24.5501
-1205.43,1067.85,0.999918,0.0128214,24.3643,24.3949
-1205.05,1083.44,0.99944,0.0334491,24.1798,24.6038
-1204.51,1099.03,0.999226,0.039341,24.192,24.6162
-1203.7,1114.62,0.99779,0.0664428,24.4208,24.4206
-1202.47,1130.19,0.996007,0.0892732,24.3617,24.5037
-1201.07,1145.76,0.99588,0.0906797,24.3737,24.5157
-1199.64,1160.84,0.995043,0.0994443,23.8444,25.0724
-1198.01,1176.4,0.992861,0.119274,26.8538,22.177
-1195.61,1191.87,0.990341,0.138655,26.9257,22.2439
-1195.63,1207.51,0.987186,-0.159576,24.7054,24.5149
-1200.03,1222.05,0.918858,-0.394589,24.6935,24.5502
-1206.33,1236.49,0.914172,-0.405327,25.705,23.6161
-1212.79,1250.86,0.902195,-0.431329,23.5393,25.8213
-1220.18,1264.24,0.861911,-0.507059,23.5593,25.8417
-1227.23,1278.36,0.926529,-0.376223,23.4866,25.9568
-1232.04,1292.89,0.970692,-0.240328,23.1593,26.3393
-1234.69,1308.47,0.996886,-0.0788528,23.1887,26.3699
-1234.43,1324.29,0.992248,0.124275,23.7292,25.8738
-1230.98,1339.74,0.949918,0.312499,24.528,25.104
-1225.07,1354.46,0.905011,0.425388,24.5398,25.1158
-1218.3,1368.28,0.889245,0.457431,25.0081,24.6708
-1210.79,1382.28,0.875338,0.483511,25.3744,24.329
-1203.02,1396.72,0.889149,0.457618,25.3874,24.3419
-1196.39,1410.62,0.916922,0.399067,25.8975,23.8716
-1190.5,1425.41,0.944811,0.327617,25.6923,24.1088
-1186.21,1440.73,0.978334,0.207033,25.7074,24.1237
-1183.71,1455.96,0.993917,0.110136,25.9853,23.8934
-1182.71,1471.87,0.999988,0.00493787,25.3387,24.5686
-1183.62,1487.8,0.993311,-0.115467,25.3507,24.5805
-1185.83,1503.61,0.986416,-0.164265,25.0815,24.883
-1188.82,1519.31,0.978325,-0.207076,24.6554,25.332
-1192.21,1534.93,0.977499,-0.210941,24.6671,25.3437
-1195.27,1550.64,0.985714,-0.168428,24.3996,25.6364
-1197.64,1566.46,0.992769,-0.120037,24.3672,25.6958
-1198.95,1581.91,0.999079,-0.0428992,24.3807,25.7094
-1198.63,1604.43,0.997063,0.0765859,24.5536,25.5624
-1196.77,1620.35,0.987465,0.157838,24.7306,25.4093
-1193.87,1635.61,0.976244,0.216676,24.7421,25.4209
-1190.08,1651.2,0.965913,0.258867,25.3008,24.8869
-1185.61,1666.62,0.956987,0.290132,25.4452,24.7653
-1181.15,1682.04,0.965037,0.262115,25.4567,24.7768
-1177.36,1697.14,0.975226,0.221213,26.0109,24.267
-1174.14,1712.89,0.98577,0.168098,25.6123,24.6923
-1172.26,1728.86,0.997854,0.0654823,25.6243,24.7043
-1171.65,1744.94,0.999978,0.0066508,25.8111,24.5602
-1171.96,1760.54,0.998594,-0.0530126,25.2465,25.1482
-1173.41,1776.59,0.992619,-0.121273,25.2572,25.1589
-1175.41,1792.6,0.991837,-0.127514,25.1522,25.2978
-1177.52,1808.59,0.991338,-0.131333,24.7982,25.6744
-1179.56,1824.61,0.993384,-0.114836,24.8099,25.6862
-1180.99,1840.69,0.998259,-0.058978,24.7706,25.7506
-1181.52,1856.34,0.999993,-0.00364463,27.7075,22.89
-1181.13,1872.5,0.999919,0.0126949,27.1279,23.5505
-1183.24,1888.49,0.960159,-0.279453,25.0628,25.6531
-1189.37,1903.47,0.891342,-0.453332,25.0739,25.6641
-1196.47,1918.07,0.907828,-0.419342,24.4221,26.3435
-1203.01,1932.93,0.928056,-0.37244,23.9517,26.8563
-1208.04,1947.83,0.968246,-0.250001,23.99,26.8658
-1210.71,1963.85,0.997751,-0.067025,24.076,26.8317
-1210.4,1980.1,0.993305,0.115517,24.3263,26.6209
-1207.2,1996.05,0.958947,0.283585,24.7416,26.2363
-1201.73,2010.86,0.912354,0.409402,24.755,26.2498
-1194.39,2025.42,0.869077,0.494676,25.6137,25.4143
-1185.71,2039.23,0.827483,0.561491,25.9931,25.0566
-1176.62,2052.8,0.838617,0.544721,26.0046,25.068
-1168.11,2066.74,0.869741,0.493509,27.1302,23.9952
-1160.47,2081.19,0.90721,0.420677,26.5736,24.5909
-1155.01,2096.58,0.97012,0.242624,26.5894,24.6067
-1151.99,2112.67,0.993025,0.117901,27.0039,24.2463
-1151.04,2129.01,0.999864,-0.0164651,25.915,25.3652
-1152.64,2145.31,0.985436,-0.170046,25.9253,25.3756
-1155.7,2161.44,0.978844,-0.204606,25.8164,25.515
-1159.32,2177.45,0.971632,-0.236498,25.2532,26.0992
-1163.21,2192.88,0.969901,-0.243499,25.264,26.1102
-1166.8,2208.91,0.981659,-0.190648,25.1086,26.2935
-1169.52,2225.13,0.990998,-0.133877,25.0039,26.4228
-1171.14,2241.49,0.998426,-0.0560777,25.0165,26.4355
-1171.37,2257.94,0.999398,0.0346957,25.2409,26.2348
-1170.1,2274.35,0.992656,0.120973,25.4226,26.0745
-1167.72,2290.13,0.983938,0.178513,25.4329,26.0849
-1164.46,2306.28,0.975635,0.219401,26.1241,25.4263
-1160.54,2322.3,0.969053,0.246853,26.1864,25.3851
-1156.8,2338.36,0.979317,0.202332,26.5696,25.042
-1153.86,2354.6,0.989479,0.14468,26.3407,25.2949
-1152.24,2370.51,0.998524,0.0543076,26.2793,25.3781
-1151.86,2387.03,0.999938,-0.0111508,26.2901,25.3888
-1152.49,2403.55,0.997632,-0.0687747,26.1619,25.5489
-1154.01,2419.49,0.992518,-0.122097,25.8145,25.916
-1156.33,2435.88,0.987869,-0.155287,25.8241,25.9256
-1158.85,2452.24,0.988857,-0.14887,25.6604,26.1152
-1161.26,2468.62,0.9903,-0.138947,25.4705,26.3255
-1163.34,2485.06,0.994357,-0.106089,25.481,26.3361
-1164.67,2501.58,0.998671,-0.0515476,25.6367,26.2116
-1165.11,2517.64,0.999999,-0.00135904,25.5559,26.3128
-1164.84,2534.23,0.999306,0.0372464,25.5661,26.3231
-1163.85,2550.8,0.99633,0.0855925,26.0221,25.8993
-1162.12,2566.79,0.992124,0.125261,25.9192,26.0211
-1160.1,2583.28,0.992811,0.11969,25.9287,26.0306
-1158.06,2599.78,0.99201,0.126161,26.4091,25.5875
-1155.92,2616.27,0.992348,0.123469,26.2119,25.8045
-1154.27,2632.82,0.997163,0.0752735,26.2215,25.8142
-1153.22,2649.43,0.998786,0.0492543,26.6327,25.4403
-1152.62,2665.55,0.999843,0.017736,26.2,25.8936
-1152.91,2682.21,0.998764,-0.0496945,26.2095,25.9031
-1153.86,2698.33,0.99764,-0.068656,26.2944,25.848
-1155.2,2715.48,0.995923,-0.0902091,25.9272,26.2341
-1156.86,2731.56,0.993904,-0.110252,25.8855,26.2947
-1158.55,2748.17,0.99597,-0.0896917,26.0219,26.1844
-1159.85,2764.81,0.997817,-0.0660429,25.7812,26.4441
-1160.84,2780.97,0.998647,-0.0519928,25.8159,26.4289
-1161.37,2797.67,0.999949,-0.0100926,26.9619,25.3624
-1161.25,2814.39,0.999975,0.00701244,25.9425,26.4037
-1161.92,2831.12,0.997207,-0.074684,26.0538,26.311
-1162.92,2847.31,0.998858,-0.0477754,26.0629,26.3202
-1163.59,2864.06,0.999509,-0.0313269,26.1499,26.2649
-1163.99,2880.81,0.999867,-0.0162911,25.9852,26.448
-1164.2,2897.59,0.999985,-0.00545506,25.9945,26.4573
-1164.07,2913.84,0.99973,0.0232362,26.2802,26.2027
-1163.45,2930.61,0.998822,0.0485173,26.0958,26.4053
-1162.67,2947.39,0.998875,0.0474258,26.1048,26.4144
-1161.72,2964.16,0.997739,0.0672017,26.4732,26.0795
-1160.44,2980.92,0.996799,0.0799442,26.2854,26.2854
-1159.29,2997.7,0.998274,0.0587334,26.2943,26.2943
-1158.3,3014.5,0.998274,0.0587334,26.7733,25.8524
-1157.35,3030.77,0.998679,0.0513773,26.3741,26.2705
-1156.94,3047.6,1,0.000635425,26.383,26.2794
-1156.98,3064.45,0.999982,-0.0059923,26.6873,26.0084
-1157.14,3081.3,0.999831,-0.0183735,26.2792,26.4348
-1157.76,3097.63,0.998553,-0.0537682,26.2881,26.4437
-1158.59,3114.48,0.999039,-0.0438235,26.4782,26.284
-1159.25,3131.34,0.999302,-0.0373691,26.1827,26.5974
-1159.95,3147.68,0.999008,-0.044531,26.1917,26.6064
-1160.49,3164.56,0.999838,-0.0180039,26.4814,26.3486
-1160.59,3181.46,0.999991,0.00415816,26.2162,26.6315
-1160.58,3198.36,0.999999,0.00114395,26.2251,26.6405
-1160.35,3215.27,0.999616,0.027722,26.6743,26.2257
-1159.68,3232.18,0.998957,0.0456533,26.3546,26.563
-1159.13,3249.1,0.999723,0.0235248,26.3633,26.5717
-1158.64,3265.49,0.999336,0.0364368,26.8209,26.1483
-1157.93,3282.42,0.999161,0.040959,26.4674,26.5196
-1157.57,3299.37,0.999987,0.00517208,26.5021,26.5021
-1157.46,3316.32,0.999968,0.00799083,27.6691,25.4087
-1157.33,3332.76,0.999949,-0.0100914,26.4985,26.603
-1158.72,3350.2,0.990817,-0.135208,26.5068,26.6116
-1160.89,3366.52,0.991673,-0.128778,26.7929,26.3573
-1163.03,3383.38,0.99184,-0.127488,26.1686,26.9997
-1165.41,3400.23,0.989786,-0.142559,26.1774,27.0094
-1167.37,3416.59,0.995816,-0.0913798,26.3741,26.8421
-1168.5,3433.57,0.999122,-0.0418867,26.1248,27.1097
-1168.97,3450.59,0.999977,-0.00677704,26.3386,26.9142
-1168.59,3467.62,0.99864,0.0521417,26.3474,26.923
-1167.4,3484.62,0.996042,0.088887,26.5733,26.7221
-1165.66,3501.04,0.992655,0.120982,26.6035,26.7087
-1163.53,3517.96,0.991514,0.129999,27.6219,25.7571
-1161.27,3534.88,0.993116,0.117133,26.8316,26.5685
-1160.21,3551.92,0.999901,0.0140681,26.919,26.4979
-1160.1,3569,0.999991,-0.00434891,26.9275,26.5064
-1160.4,3586.1,0.99951,-0.0312914,26.9475,26.519
-1161.12,3602.65,0.998349,-0.0574458,26.9738,26.5275
-1162.32,3619.71,0.996383,-0.0849753,27.1651,26.3797
-1164,3636.75,0.99316,-0.116765,26.5438,27.0184
-1166.31,3653.19,0.987912,-0.155018,26.4476,27.1316
-1168.73,3670.16,0.992423,-0.122867,26.4563,27.1403
-1170.48,3687.21,0.996849,-0.0793208,26.2902,27.3263
-1171.49,3704.33,0.999485,-0.0321005,26.3205,27.3147
-1171.51,3721.49,0.999429,0.0337792,27.1356,26.5623
-1170.47,3738.08,0.996567,0.0827894,26.437,27.2782
-1169.33,3755.23,0.99818,0.060301,26.7334,26.9988
-1167.87,3772.35,0.994129,0.1082,26.7415,27.0068
-1165.94,3788.9,0.992215,0.124539,27.0375,26.7365
-1163.59,3806.48,0.990669,0.136287,27.0013,26.7887
-1161.46,3823.01,0.992936,0.118652,27.7363,26.0985
-1159.54,3840.12,0.995855,0.0909497,27.166,26.6883
-1158.81,3857.32,0.999998,-0.00213858,27.1479,26.7227
-1159.09,3874.56,0.999482,-0.0321833,28.3638,25.5803
-1159.85,3891.24,0.997004,-0.0773441,27.1448,26.8252
-1162.59,3908.26,0.973454,-0.228881,26.8861,27.0997
-1166.7,3925.04,0.969881,-0.24358,26.7081,27.2936
-1170.8,3941.82,0.973969,-0.226682,26.7162,27.3018
-1174.31,3958.19,0.981554,-0.191183,26.2164,27.8206
-1177.31,3975.21,0.989548,-0.144202,26.2026,27.8564
-1178.98,3992.41,0.999137,-0.0415313,27.0031,27.1235
-1178.85,4009.71,0.998801,0.0489466,26.442,27.7019
-1177.97,4026.46,0.997853,0.0654977,26.6817,27.4801
-1176.18,4043.69,0.989866,0.142004,26.6901,27.4885
-1173.31,4060.79,0.981321,0.192375,27.025,27.1716
-1169.57,4077.71,0.971773,0.235917,27.2133,26.9986
-1165.54,4094.02,0.970293,0.241933,27.2209,27.0062
-1161.33,4111.41,0.973624,0.228158,27.7494,26.5106
-1157.6,4127.81,0.978728,0.205163,27.6174,26.6608
-1154.67,4144.92,0.99154,0.129801,27.6261,26.6694
-1152.92,4162.19,0.997624,0.0688869,28.1132,26.2213
-1152.22,4179.55,0.999999,-0.00164041,27.4722,26.8824
-1153.16,4196.36,0.994396,-0.105719,27.4801,26.8903
-1155.31,4213.62,0.989698,-0.143168,27.3376,27.0571
-1158.1,4230.8,0.984144,-0.17737,26.9097,27.5004
-1161.33,4247.9,0.982463,-0.186456,26.9175,27.5082
-1164.27,4265.06,0.988808,-0.149192,26.9401,27.5101
-1166.5,4281.79,0.993585,-0.113092,27.1913,27.3058
-1168.18,4299.13,0.996688,-0.0813191,26.7233,27.7897
-1169.53,4316.52,0.997917,-0.0645158,26.7319,27.7984
-1170.1,4333.95,0.999993,0.00369161,27.0021,27.5508
-1169.48,4351.39,0.997772,0.0667224,27.0948,27.4732
-1168.08,4368.24,0.995094,0.0989303,27.1023,27.4806
-1166.16,4385.59,0.992407,0.122995,27.4466,27.1601
-1163.82,4402.9,0.990094,0.140409,27.392,27.2294
-1161.58,4419.68,0.992309,0.123785,27.3993,27.2367
-1159.5,4437.04,0.993543,0.113454,27.972,26.6981
-1157.61,4454.42,0.995547,0.0942629,27.56,27.1267
-1156.62,4471.88,0.999774,0.0212792,27.5675,27.1341
-1156.47,4489.38,0.999979,-0.00645173,27.9129,26.8199
-1156.82,4506.88,0.999169,-0.0407701,27.3472,27.4015
-1158.1,4524.35,0.995078,-0.0990961,27.3543,27.4087
-1159.75,4541.24,0.995406,-0.0957435,27.4274,27.3607
-1161.4,4558.69,0.995621,-0.0934864,27.0497,27.7531
-1163.07,4576.14,0.995936,-0.0900678,27.0574,27.7608
-1164.28,4593.64,0.99898,-0.0451599,27.2852,27.5603
-1164.71,4611.17,0.99999,-0.00444075,27.0515,27.8088
-1164.63,4628.72,0.999838,0.0179867,27.0592,27.8166
-1163.92,4646.26,0.997793,0.0664081,27.5107,27.3921
-1162.43,4663.21,0.994529,0.104464,27.3494,27.5675
-1160.65,4680.69,0.994961,0.100264,27.3565,27.5745
-1158.84,4697.61,0.993514,0.113706,27.8428,27.1195
-1156.73,4715.07,0.992988,0.118217,27.6521,27.3249
-1155.03,4732.57,0.997101,0.0760926,27.6593,27.332
-1153.86,4750.13,0.998476,0.0551944,28.0948,26.9274
-1153.07,4767.71,0.999707,0.0241937,27.6828,27.3551
-1153.23,4784.76,0.999209,-0.039776,27.5533,27.4985
-1154.1,4802.35,0.998317,-0.0579965,27.5602,27.5054
-1155.15,4819.94,0.998108,-0.0614929,27.5967,27.4915
-1156.23,4836.97,0.997867,-0.0652826,28.4831,26.6733
-1157.45,4854.56,0.996032,-0.0889906,27.3957,27.7787
-1159.95,4872.03,0.983301,-0.181989,27.3752,27.8132
-1162.97,4889.42,0.987553,-0.157288,28.3341,26.9199
-1165.45,4906.35,0.989419,-0.145089,27.3344,27.9361
-1168.74,4923.72,0.976772,-0.21428,27.1005,28.1851
-1172.21,4941.06,0.985138,-0.171762,26.8263,28.4771
-1174.68,4958.58,0.995247,-0.0973843,26.836,28.4871
-1175.53,4976.25,0.999967,0.00811556,26.9209,28.4215
-1174.51,4993.91,0.993704,0.112041,27.084,28.276
-1171.85,5010.86,0.979497,0.201457,27.0922,28.2843
-1167.66,5028.07,0.961295,0.275522,27.7851,27.6139
-1162.19,5044.92,0.942156,0.335175,29.2318,26.1923
-1156.35,5061.66,0.954699,0.297574,29.2509,26.2103
-1152.65,5078.97,0.994216,0.107402,30.446,25.0844
-1152.32,5096.14,0.995056,-0.099314,29.9398,25.6723
-1156.87,5113.23,0.907347,-0.420383,29.9738,25.7061
-1166.32,5128.25,0.760319,-0.64955,29.3574,26.3753
-1179.49,5140.18,0.567553,-0.823337,28.3196,27.4381
-1194.99,5148.95,0.420216,-0.907424,28.3268,27.4454
-1211.37,5156.02,0.368383,-0.929674,26.7707,29.0204
-1228.12,5162.18,0.344938,-0.938625,26.264,29.5604
-1243.91,5169.19,0.479451,-0.877569,26.2839,29.5813
-1258.64,5179.24,0.652596,-0.757706,26.0783,29.8339
-1270.94,5192.17,0.799594,-0.600541,26.2018,29.7585
-1279.99,5207.56,0.918782,-0.394766,26.7984,29.197
-1285.27,5224.63,0.982048,-0.18863,26.8114,29.2099
-1287.37,5242.41,0.999343,-0.0362463,27.9088,28.1324
-1286.75,5260.31,0.995443,0.0953561,29.7835,26.2858
-1284.96,5278.15,0.997366,0.0725315,29.8065,26.3072
-1285.46,5295.49,0.98961,-0.143779,30.6927,25.4909
-1289.89,5312.86,0.9267,-0.375803,30.9454,25.3632
-1299.12,5328.2,0.750494,-0.660877,31.0122,25.4266
-1313.04,5339.49,0.471962,-0.881619,30.9191,25.6333
-1330.08,5345.21,0.136606,-0.990626,29.9264,26.6867
-1347.53,5344.94,-0.1694,-0.985547,29.9446,26.7058
-1364.98,5340.16,-0.368647,-0.929569,28.1948,28.4884
-1381.09,5331.92,-0.522273,-0.852778,27.202,29.4974
-1396.65,5322.6,-0.48879,-0.872401,27.2133,29.5092
-1412.51,5315.05,-0.360105,-0.932912,-1413.57,5314.64,-0.355818,-0.934555,-1413.57,5314.64,-0.355818,-0.934555,-1413.57,5314.64,-0.355818,-0.934555,-1413.57,5314.64,-0.355818,-0.934555,-1413.57,5314.64,-0.355818,-0.934555,-1413.57,5314.64,-0.355818,-0.934555,-1413.57,5314.64,-0.355818,-0.934555,-1413.57,5314.64,-0.355818,-0.934555,-1413.57,5314.64,-0.355818,-0.934555,-1413.57,5314.64,-0.355818,-0.934555,-1413.57,5314.64,-0.355818,-0.934555,-1413.57,5314.64,-0.355818,-0.934555,-1413.57,5314.64,-0.355818,-0.934555,-1413.57,5314.64,-0.355818,-0.934555,-1413.57,5314.64,-0.355818,-0.934555,-1413.57,5314.64,-0.355818,-0.934555,-1413.57,5314.64,-0.355818,-0.934555,-1413.57,5314.64,-0.355818,-0.934555,-1413.57,5314.64,-0.355818,-0.934555,-1413.57,5314.64,-0.355818,-0.934555,-1413.57,5314.64,-0.355818,-0.934555,-1413.57,5314.64,-0.355818,-0.934555,-1413.57,5314.64,-0.355818,-0.934555,-1413.57,5314.64,-0.355818,-0.934555,-1413.57,5314.64,-0.355818,-0.934555,-1413.57,5314.64,-0.355818,-0.934555,-1413.57,5314.64,-0.355818,-0.934555,-1413.57,5314.64,-0.355818,-0.934555,-1413.57,5314.64,-0.355818,-0.934555,-1413.57,5314.64,-0.355818,-0.934555,-1413.57,5314.64,-0.355818,-0.934555,-1413.57,5314.64,-0.355818,-0.934555,-1413.57,5314.64,-0.355818,-0.934555,-1413.57,5314.64,-0.355818,-0.934555,-1413.57,5314.64,-0.355818,-0.934555,-1413.57,5314.64,-0.355818,-0.934555,-1413.57,5314.64,-0.355818,-0.934555,-1413.57,5314.64,-0.355818,-0.934555,-1413.57,5314.64,-0.355818,-0.934555,-1413.57,5314.64,-0.355818,-0.934555,-1413.57,5314.64,-0.355818,-0.934555,-1413.57,5314.64,-0.355818,-0.934555,-1413.57,5314.64,-0.355818,-0.934555,-1413.57,5314.64,-0.355818,-0.934555,-1413.57,5314.64,-0.355818,-0.934555,-1413.57,5314.64,-0.355818,-0.934555,-1413.57,5314.64,-0.355818,-0.934555,-1413.57,5314.64,-0.355818,-0.934555,-1413.57,5314.64,-0.355818,-0.934555,-1413.57,5314.64,-0.355818,-0.934555,-1413.57,5314.64,-0.355818,-0.934555,-1413.57,5314.64,-0.355818,-0.934555,-1413.57,5314.64,-0.355818,-0.934555,-1413.57,5314.64,-0.355818,-0.934555,-1413.57,5314.64,-0.355818,-0.934555,-1413.57,5314.64,-0.355818,-0.934555,